date,ticker,mom_1m,mom_3m,momentum_score
2026-01-02,NKE,-0.025412,-0.145984,-1.293836
2026-01-02,TGT,0.110976,0.137045,1.424566
2026-01-02,DIS,0.074184,0.004162,0.324841
2026-01-02,SBUX,-0.014437,-0.024716,-0.436717
2026-01-02,TSLA,0.020571,0.004748,-0.018853
2026-01-05,NKE,-0.01706,-0.09715,-1.246182
2026-01-05,TGT,0.122965,0.16126,1.474133
2026-01-05,DIS,0.086077,0.021088,0.265258
2026-01-05,SBUX,-0.006314,0.008856,-0.449054
2026-01-05,TSLA,0.011036,0.050811,-0.044156
2026-01-06,NKE,-0.005176,-0.075914,-0.943321
2026-01-06,TGT,0.138771,0.187216,1.385028
2026-01-06,DIS,0.09363,0.023017,0.187671
2026-01-06,SBUX,0.052471,0.097385,0.377613
2026-01-06,TSLA,-0.047456,-0.044766,-1.006991
2026-01-07,NKE,-0.040085,-0.076715,-1.107012
2026-01-07,TGT,0.124525,0.175947,1.475845
2026-01-07,DIS,0.079525,0.010166,0.171132
2026-01-07,SBUX,0.018445,0.074133,0.189006
2026-01-07,TSLA,-0.051846,-0.003879,-0.72897
2026-01-08,NKE,0.02707,-0.049404,-0.910068
2026-01-08,TGT,0.142596,0.191307,1.508896
2026-01-08,DIS,0.067941,0.027281,-0.111823
2026-01-08,SBUX,0.057187,0.109658,0.374526
2026-01-08,TSLA,-0.008599,-0.006588,-0.861531
2026-01-09,NKE,0.040897,-0.025259,-0.963498
2026-01-09,TGT,0.12711,0.199215,1.417103
2026-01-09,DIS,0.090114,0.051122,-0.001113
2026-01-09,SBUX,0.080214,0.122112,0.466977
2026-01-09,TSLA,-0.000359,0.021743,-0.919468
2026-01-12,NKE,-0.00228,0.012865,-0.989055
2026-01-12,TGT,0.12175,0.256611,1.509498
2026-01-12,DIS,0.043677,0.040236,-0.490893
2026-01-12,SBUX,0.072868,0.154855,0.486112
2026-01-12,TSLA,-0.005516,0.085782,-0.515662
2026-01-13,NKE,-0.021258,-0.009747,-0.948754
2026-01-13,TGT,0.120243,0.259438,1.514979
2026-01-13,DIS,0.020495,0.031508,-0.450784
2026-01-13,SBUX,0.068681,0.139751,0.487639
2026-01-13,TSLA,0.000694,0.025923,-0.60308
2026-01-14,NKE,-0.028161,-0.024414,-0.920031
2026-01-14,TGT,0.131115,0.250048,1.503678
2026-01-14,DIS,0.024177,0.028138,-0.33391
2026-01-14,SBUX,0.067956,0.131343,0.487428
2026-01-14,TSLA,-0.043054,0.023204,-0.737165
2026-01-15,NKE,-0.047064,-0.050506,-0.963603
2026-01-15,TGT,0.139094,0.237826,1.387297
2026-01-15,DIS,0.026428,0.022087,-0.239814
2026-01-15,SBUX,0.092272,0.133887,0.640337
2026-01-15,TSLA,-0.077297,0.007859,-0.824217
2026-01-16,NKE,-0.040822,-0.030655,-0.793727
2026-01-16,TGT,0.139347,0.251057,1.473782
2026-01-16,DIS,-0.003763,0.01886,-0.368706
2026-01-16,SBUX,0.092971,0.110526,0.556206
2026-01-16,TSLA,-0.106924,0.020408,-0.867556
2026-01-20,NKE,-0.031359,-0.049484,-0.709843
2026-01-20,TGT,0.108925,0.218827,1.33791
2026-01-20,DIS,-0.002621,0.003764,-0.298953
2026-01-20,SBUX,0.099167,0.105162,0.719352
2026-01-20,TSLA,-0.102748,-0.045663,-1.048466
2026-01-21,NKE,-0.003352,-0.026507,-0.570398
2026-01-21,TGT,0.07057,0.173131,1.0652
2026-01-21,DIS,0.011799,0.017826,-0.214742
2026-01-21,SBUX,0.078394,0.14902,0.96782
2026-01-21,TSLA,-0.107433,-0.035737,-1.24788
2026-01-22,NKE,0.114972,-0.036309,-0.143348
2026-01-22,TGT,0.086624,0.142399,1.096521
2026-01-22,DIS,0.017709,-0.002835,-0.669346
2026-01-22,SBUX,0.084909,0.123659,0.927851
2026-01-22,TSLA,-0.066168,0.015273,-1.211678
2026-01-23,NKE,0.136665,-0.052472,-0.194583
2026-01-23,TGT,0.135504,0.164248,1.089788
2026-01-23,DIS,-0.012458,-0.011931,-0.841548
2026-01-23,SBUX,0.132877,0.150003,0.989256
2026-01-23,TSLA,-0.08117,0.022986,-1.042914
2026-01-26,NKE,0.133415,-0.061353,-0.064664
2026-01-26,TGT,0.102439,0.116928,0.792036
2026-01-26,DIS,-0.01687,-0.008554,-0.631622
2026-01-26,SBUX,0.1487,0.135603,1.169697
2026-01-26,TSLA,-0.103715,-0.030692,-1.265448
2026-01-27,NKE,0.0515,-0.081279,-0.509806
2026-01-27,TGT,0.078421,0.118313,0.89121
2026-01-27,DIS,-0.033805,-0.00288,-0.552518
2026-01-27,SBUX,0.131844,0.119892,1.231403
2026-01-27,TSLA,-0.112279,-0.006502,-1.060289
2026-01-28,NKE,0.0215,-0.086786,-0.515977
2026-01-28,TGT,0.021999,0.053722,0.487474
2026-01-28,DIS,-0.035224,-0.018148,-0.431192
2026-01-28,SBUX,0.118477,0.098916,1.495658
2026-01-28,TSLA,-0.092026,-0.046329,-1.035963
2026-01-29,NKE,0.022709,-0.065703,-0.381315
2026-01-29,TGT,0.048318,0.072354,0.692291
2026-01-29,DIS,-0.022857,0.006135,-0.208977
2026-01-29,SBUX,0.097113,0.10685,1.238663
2026-01-29,TSLA,-0.093726,-0.095516,-1.340662
2026-01-30,NKE,0.010132,-0.048131,-0.613013
2026-01-30,TGT,0.082521,0.134716,1.162094
2026-01-30,DIS,-0.017336,0.030145,-0.259653
2026-01-30,SBUX,0.078592,0.100324,0.895587
2026-01-30,TSLA,-0.052857,-0.067388,-1.185014
2026-02-02,NKE,-0.024015,-0.035794,-0.501083
2026-02-02,TGT,0.120512,0.193614,1.344721
2026-02-02,DIS,-0.08192,-0.059758,-0.905198
2026-02-02,SBUX,0.088826,0.110672,0.778899
2026-02-02,TSLA,-0.062061,-0.041559,-0.717339
2026-02-03,NKE,-0.037137,-0.050643,-0.616106
2026-02-03,TGT,0.107353,0.215519,1.212749
2026-02-03,DIS,-0.068216,-0.068326,-0.833275
2026-02-03,SBUX,0.108015,0.1588,0.963096
2026-02-03,TSLA,-0.036775,-0.075784,-0.726465
2026-02-04,NKE,-0.004804,0.031604,-0.199373
2026-02-04,TGT,0.117826,0.263735,1.127668
2026-02-04,DIS,-0.061541,-0.038759,-0.674814
2026-02-04,SBUX,0.120263,0.206405,0.922334
2026-02-04,TSLA,-0.101092,-0.133143,-1.175815
2026-02-05,NKE,-0.040551,0.030545,-0.269126
2026-02-05,TGT,0.0628,0.247469,1.096441
2026-02-05,DIS,-0.083792,-0.05194,-0.80519
2026-02-05,SBUX,0.073888,0.215629,1.00796
2026-02-05,TSLA,-0.082571,-0.105906,-1.030085
2026-02-06,NKE,0.011072,0.035712,-0.281049
2026-02-06,TGT,0.114594,0.27264,1.109801
2026-02-06,DIS,-0.037286,-0.017282,-0.695111
2026-02-06,SBUX,0.147191,0.208596,0.981331
2026-02-06,TSLA,-0.047055,-0.110286,-1.114972
2026-02-09,NKE,-0.043671,0.01484,-0.538578
2026-02-09,TGT,0.086429,0.312127,1.213541
2026-02-09,DIS,-0.061662,-0.02385,-0.770947
2026-02-09,SBUX,0.122477,0.21254,0.953057
2026-02-09,TSLA,-0.042405,-0.064116,-0.857073
2026-02-10,NKE,-0.043689,0.038508,-0.540312
2026-02-10,TGT,0.073067,0.256656,1.306778
2026-02-10,DIS,-0.051087,-0.000325,-0.795293
2026-02-10,SBUX,0.097322,0.148003,0.841301
2026-02-10,TSLA,-0.044493,-0.010034,-0.812475
2026-02-11,NKE,-0.050122,0.03204,-0.532564
2026-02-11,TGT,0.090782,0.29213,1.304844
2026-02-11,DIS,-0.041659,-0.030189,-0.778933
2026-02-11,SBUX,0.101823,0.180096,0.842076
2026-02-11,TSLA,-0.046084,-0.038093,-0.835423
2026-02-12,NKE,-0.078431,-0.026286,-0.549887
2026-02-12,TGT,0.047925,0.258692,1.314349
2026-02-12,DIS,-0.093822,-0.102545,-0.965261
2026-02-12,SBUX,0.068463,0.127737,0.81392
2026-02-12,TSLA,-0.067375,-0.051294,-0.61312
2026-02-13,NKE,-0.037212,-0.010389,-0.414222
2026-02-13,TGT,0.064809,0.272302,1.521975
2026-02-13,DIS,-0.071171,-0.089897,-0.985286
2026-02-13,SBUX,0.035599,0.08958,0.455353
2026-02-13,TSLA,-0.049545,-0.030562,-0.57782
2026-02-17,NKE,0.003561,-0.012058,-0.456851
2026-02-17,TGT,0.059347,0.299109,1.566294
2026-02-17,DIS,-0.070276,-0.013536,-0.872091
2026-02-17,SBUX,0.029215,0.11868,0.405395
2026-02-17,TSLA,-0.063707,0.021493,-0.642746
2026-02-18,NKE,0.018173,0.028027,-0.343194
2026-02-18,TGT,0.049931,0.299625,1.531692
2026-02-18,DIS,-0.03687,0.019136,-0.73834
2026-02-18,SBUX,0.036429,0.136796,0.441881
2026-02-18,TSLA,-0.05984,0.017238,-0.892038
2026-02-19,NKE,0.031117,0.049744,-0.241034
2026-02-19,TGT,0.06856,0.320483,1.558871
2026-02-19,DIS,-0.039333,0.009719,-0.886254
2026-02-19,SBUX,0.029445,0.152083,0.346901
2026-02-19,TSLA,-0.017985,0.006823,-0.778484
2026-02-20,NKE,-0.000153,0.053249,-0.330457
2026-02-20,TGT,0.111626,0.33149,1.567786
2026-02-20,DIS,-0.067232,0.000135,-0.915444
2026-02-20,SBUX,0.017512,0.177471,0.360116
2026-02-20,TSLA,-0.045476,0.026343,-0.682
2026-02-23,NKE,-0.036205,0.013614,-0.409733
2026-02-23,TGT,0.075049,0.330073,1.595978
2026-02-23,DIS,-0.077732,0.004265,-0.648307
2026-02-23,SBUX,-0.004579,0.139952,0.331025
2026-02-23,TSLA,-0.110223,-0.010297,-0.868962
2026-02-24,NKE,-0.014606,0.049962,-0.420014
2026-02-24,TGT,0.079509,0.394537,1.646083
2026-02-24,DIS,-0.044422,0.039606,-0.609212
2026-02-24,SBUX,-0.004995,0.175652,0.217215
2026-02-24,TSLA,-0.088362,0.035802,-0.834072
2026-02-25,NKE,-0.024465,0.015999,-0.631781
2026-02-25,TGT,0.131438,0.342436,1.64225
2026-02-25,DIS,-0.056239,0.0142,-0.790067
2026-02-25,SBUX,0.023166,0.154793,0.247131
2026-02-25,TSLA,-0.040901,0.067274,-0.467532
2026-02-26,NKE,0.013631,0.03921,-0.370204
2026-02-26,TGT,0.113905,0.371628,1.5703
2026-02-26,DIS,-0.045746,0.042419,-0.622108
2026-02-26,SBUX,0.031263,0.184455,0.360256
2026-02-26,TSLA,-0.051799,-0.022021,-0.938245
2026-02-27,NKE,-0.000964,-0.017321,-0.54286
2026-02-27,TGT,0.129814,0.327643,1.575819
2026-02-27,DIS,-0.032128,0.03337,-0.455898
2026-02-27,SBUX,0.036697,0.148319,0.362529
2026-02-27,TSLA,-0.067098,-0.040272,-0.939589
2026-03-02,NKE,-0.01893,-0.039219,-0.637409
2026-03-02,TGT,0.111639,0.273062,1.560693
2026-03-02,DIS,-0.064976,0.015526,-0.594226
2026-03-02,SBUX,0.037324,0.12323,0.448131
2026-03-02,TSLA,-0.031784,-0.054527,-0.777188
2026-03-03,NKE,-0.032775,-0.069072,-0.586401
2026-03-03,TGT,0.156998,0.346597,1.574426
2026-03-03,DIS,-0.08422,-0.004509,-0.539585
2026-03-03,SBUX,0.058222,0.117018,0.402524
2026-03-03,TSLA,-0.088241,-0.087733,-0.850964
2026-03-04,NKE,-0.050672,-0.097274,-0.901731
2026-03-04,TGT,0.107471,0.327728,1.468824
2026-03-04,DIS,-0.013499,-0.028405,-0.470659
2026-03-04,SBUX,0.066381,0.151531,0.585529
2026-03-04,TSLA,-0.037624,-0.056261,-0.681963
2026-03-05,NKE,-0.041439,-0.100491,-0.90028
2026-03-05,TGT,0.0924,0.343916,1.44578
2026-03-05,DIS,-0.017367,-0.016475,-0.461746
2026-03-05,SBUX,0.067567,0.165803,0.62239
2026-03-05,TSLA,-0.03889,-0.055191,-0.706144
2026-03-06,NKE,-0.106378,-0.125843,-0.98669
2026-03-06,TGT,0.069118,0.342042,1.470661
2026-03-06,DIS,-0.051471,-0.033223,-0.423221
2026-03-06,SBUX,0.027414,0.143708,0.553851
2026-03-06,TSLA,-0.022857,-0.111944,-0.6146
2026-03-09,NKE,-0.092421,-0.133731,-1.026695
2026-03-09,TGT,0.09483,0.325056,1.39276
2026-03-09,DIS,-0.031533,-0.029603,-0.408697
2026-03-09,SBUX,0.045211,0.181334,0.668686
2026-03-09,TSLA,0.003701,-0.122874,-0.626054
2026-03-10,NKE,-0.11683,-0.142845,-1.029068
2026-03-10,TGT,0.055543,0.323006,1.354102
2026-03-10,DIS,-0.067893,-0.031287,-0.42977
2026-03-10,SBUX,0.019808,0.191493,0.729583
2026-03-10,TSLA,-0.028873,-0.122549,-0.624847
2026-03-11,NKE,-0.101591,-0.117568,-1.024844
2026-03-11,TGT,0.038678,0.289362,1.217251
2026-03-11,DIS,-0.058247,-0.05628,-0.596122
2026-03-11,SBUX,0.031463,0.224004,0.91989
2026-03-11,TSLA,-0.022764,-0.072251,-0.516175
2026-03-12,NKE,-0.135639,-0.139598,-0.980094
2026-03-12,TGT,0.032652,0.248956,1.122776
2026-03-12,DIS,-0.095762,-0.064635,-0.546413
2026-03-12,SBUX,0.033795,0.225402,1.038144
2026-03-12,TSLA,-0.071024,-0.112676,-0.634413
2026-03-13,NKE,-0.128496,-0.174065,-0.995983
2026-03-13,TGT,0.02382,0.252731,1.221621
2026-03-13,DIS,-0.081669,-0.081487,-0.462156
2026-03-13,SBUX,0.006754,0.190094,0.916414
2026-03-13,TSLA,-0.086557,-0.133459,-0.679895
2026-03-16,NKE,-0.097321,-0.185803,-1.066451
2026-03-16,TGT,0.03869,0.219351,1.227024
2026-03-16,DIS,-0.036335,-0.10885,-0.481862
2026-03-16,SBUX,0.017474,0.161799,0.893205
2026-03-16,TSLA,-0.051574,-0.114861,-0.571916
2026-03-17,NKE,-0.121086,-0.177622,-1.105726
2026-03-17,TGT,0.008639,0.214826,1.129492
2026-03-17,DIS,-0.048838,-0.095174,-0.443534
2026-03-17,SBUX,0.040303,0.150547,0.989881
2026-03-17,TSLA,-0.043527,-0.130055,-0.570113
2026-03-18,NKE,-0.169625,-0.205888,-1.23381
2026-03-18,TGT,-0.012785,0.191268,1.261653
2026-03-18,DIS,-0.057094,-0.10019,-0.250803
2026-03-18,SBUX,-0.028619,0.092009,0.743218
2026-03-18,TSLA,-0.04347,-0.173634,-0.520259
2026-03-19,NKE,-0.179333,-0.198529,-1.061272
2026-03-19,TGT,-0.010289,0.183928,1.130346
2026-03-19,DIS,-0.073763,-0.11127,-0.294985
2026-03-19,SBUX,0.000731,0.133615,0.974201
2026-03-19,TSLA,-0.075416,-0.223687,-0.748289
2026-03-20,NKE,-0.1965,-0.197479,-1.117278
2026-03-20,TGT,-0.02075,0.160364,1.185914
2026-03-20,DIS,-0.061226,-0.100515,-0.114851
2026-03-20,SBUX,-0.033925,0.093144,0.838902
2026-03-20,TSLA,-0.106264,-0.212516,-0.792687
2026-03-23,NKE,-0.188687,-0.19153,-1.095581
2026-03-23,TGT,-0.015083,0.172124,1.331761
2026-03-23,DIS,-0.072268,-0.12443,-0.266437
2026-03-23,SBUX,-0.037542,0.056085,0.706022
2026-03-23,TSLA,-0.075203,-0.212094,-0.675765
2026-03-24,NKE,-0.146536,-0.082864,-0.687484
2026-03-24,TGT,0.022763,0.194765,1.515738
2026-03-24,DIS,-0.076813,-0.133495,-0.593364
2026-03-24,SBUX,-0.029542,0.048038,0.534567
2026-03-24,TSLA,-0.042018,-0.204011,-0.769457
2026-03-25,NKE,-0.167863,-0.067954,-0.637719
2026-03-25,TGT,0.007358,0.234806,1.479947
2026-03-25,DIS,-0.095238,-0.1462,-0.662623
2026-03-25,SBUX,-0.039478,0.082718,0.598628
2026-03-25,TSLA,-0.057233,-0.2103,-0.778233
2026-03-26,NKE,-0.173255,-0.08588,-0.570753
2026-03-26,TGT,0.004809,0.25334,1.486342
2026-03-26,DIS,-0.098049,-0.163134,-0.578892
2026-03-26,SBUX,-0.068518,0.09478,0.564192
2026-03-26,TSLA,-0.108505,-0.233648,-0.900889
2026-03-27,NKE,-0.191384,-0.138151,-0.606479
2026-03-27,TGT,0.043993,0.254106,1.636971
2026-03-27,DIS,-0.124396,-0.192697,-0.562008
2026-03-27,SBUX,-0.114906,0.033107,0.27904
2026-03-27,TSLA,-0.114421,-0.254574,-0.747525
2026-03-30,NKE,-0.170471,-0.153453,-0.635081
2026-03-30,TGT,0.043853,0.205304,1.623281
2026-03-30,DIS,-0.110524,-0.169426,-0.461792
2026-03-30,SBUX,-0.115283,0.025849,0.288985
2026-03-30,TSLA,-0.117339,-0.252341,-0.815393
2026-03-31,NKE,-0.13424,-0.131341,-0.680243
2026-03-31,TGT,0.070955,0.248039,1.633603
2026-03-31,DIS,-0.076201,-0.155968,-0.54799
2026-03-31,SBUX,-0.074101,0.053731,0.290344
2026-03-31,TSLA,-0.078275,-0.191215,-0.695714
2026-04-01,NKE,-0.248527,-0.265791,-1.340537
2026-04-01,TGT,-0.002897,0.248845,1.351906
2026-04-01,DIS,-0.065247,-0.158812,-0.312599
2026-04-01,SBUX,-0.064646,0.067603,0.491366
2026-04-01,TSLA,-0.028464,-0.161015,-0.190135
2026-04-02,NKE,-0.246419,-0.301784,-1.265487
2026-04-02,TGT,0.003081,0.244757,1.347293
2026-04-02,DIS,-0.062403,-0.150831,-0.166044
2026-04-02,SBUX,-0.069789,0.080071,0.567583
2026-04-02,TSLA,-0.111716,-0.19819,-0.483344
2026-04-06,NKE,-0.241124,-0.299585,-1.250053
2026-04-06,TGT,0.015371,0.228265,1.226911
2026-04-06,DIS,-0.059857,-0.139204,-0.17113
2026-04-06,SBUX,-0.039619,0.136016,0.761929
2026-04-06,TSLA,-0.130021,-0.194604,-0.567657
2026-04-07,NKE,-0.251184,-0.334056,-1.296058
2026-04-07,TGT,-0.010514,0.182523,1.150205
2026-04-07,DIS,-0.056726,-0.16034,-0.106687
2026-04-07,SBUX,-0.038186,0.107024,0.816919
2026-04-07,TSLA,-0.126232,-0.232515,-0.56438
2026-04-08,NKE,-0.237042,-0.335635,-1.311001
2026-04-08,TGT,0.024804,0.192447,1.189256
2026-04-08,DIS,-0.024395,-0.134328,-0.000767
2026-04-08,SBUX,-0.025659,0.093639,0.716787
2026-04-08,TSLA,-0.139034,-0.207202,-0.594275
2026-04-09,NKE,-0.215407,-0.299398,-1.260557
2026-04-09,TGT,0.027249,0.20856,1.206599
2026-04-09,DIS,-0.015101,-0.116199,-3.2e-05
2026-04-09,SBUX,-0.038206,0.125217,0.717522
2026-04-09,TSLA,-0.134305,-0.19886,-0.663533
2026-04-10,NKE,-0.234829,-0.342585,-1.347828
2026-04-10,TGT,0.026183,0.157996,1.147785
2026-04-10,DIS,-0.017048,-0.131383,0.057878
2026-04-10,SBUX,-0.047713,0.102551,0.723958
2026-04-10,TSLA,-0.144353,-0.199289,-0.581793
2026-04-13,NKE,-0.207279,-0.344739,-1.396414
2026-04-13,TGT,0.018402,0.128496,1.035363
2026-04-13,DIS,0.0176,-0.126855,0.144116
2026-04-13,SBUX,-0.026951,0.103833,0.791751
2026-04-13,TSLA,-0.10782,-0.208063,-0.574816
2026-04-14,NKE,-0.181178,-0.322161,-1.442579
2026-04-14,TGT,0.018664,0.137608,0.998299
2026-04-14,DIS,0.033236,-0.090675,0.207465
2026-04-14,SBUX,-0.006858,0.101657,0.770819
2026-04-14,TSLA,-0.069018,-0.188792,-0.534004
2026-04-15,NKE,-0.170652,-0.310081,-1.567141
2026-04-15,TGT,0.049722,0.142591,1.021584
2026-04-15,DIS,0.044395,-0.08798,0.114252
2026-04-15,SBUX,0.005316,0.092913,0.659708
2026-04-15,TSLA,-0.009126,-0.123547,-0.228403
2026-04-16,NKE,-0.1709,-0.298409,-1.540189
2026-04-16,TGT,0.061237,0.139776,1.063027
2026-04-16,DIS,0.035892,-0.084823,0.092361
2026-04-16,SBUX,0.008097,0.086059,0.648045
2026-04-16,TSLA,-0.025972,-0.114526,-0.263245
2026-04-17,NKE,-0.139143,-0.282621,-1.551658
2026-04-17,TGT,0.111169,0.162064,1.068092
2026-04-17,DIS,0.069101,-0.062781,0.061979
2026-04-17,SBUX,0.079214,0.078955,0.634366
2026-04-17,TSLA,0.01996,-0.086531,-0.212778
2026-04-20,NKE,-0.13024,-0.273245,-1.504242
2026-04-20,TGT,0.137241,0.18174,1.221985
2026-04-20,DIS,0.071573,-0.044065,0.12211
2026-04-20,SBUX,0.032558,0.070955,0.408915
2026-04-20,TSLA,0.03208,-0.102857,-0.248769
2026-04-21,NKE,-0.114187,-0.266102,-1.433638
2026-04-21,TGT,0.166343,0.220446,1.342465
2026-04-21,DIS,0.048035,-0.05483,-0.081938
2026-04-21,SBUX,0.056726,0.050936,0.332291
2026-04-21,TSLA,0.050169,-0.078306,-0.159179
2026-04-22,NKE,-0.133371,-0.297,-1.435583
2026-04-22,TGT,0.136344,0.244137,1.318687
2026-04-22,DIS,0.070138,-0.073946,0.013349
2026-04-22,SBUX,0.060642,0.0387,0.363724
2026-04-22,TSLA,0.017487,-0.101822,-0.260178
2026-04-23,NKE,-0.162834,-0.311377,-1.38074
2026-04-23,TGT,0.12293,0.234684,1.253145
2026-04-23,DIS,0.075319,-0.084445,0.091904
2026-04-23,SBUX,0.082192,0.045413,0.524847
2026-04-23,TSLA,-0.024306,-0.168328,-0.489156
2026-04-24,NKE,-0.156474,-0.308324,-1.405132
2026-04-24,TGT,0.110767,0.207906,1.258751
2026-04-24,DIS,0.069307,-0.075509,0.154141
2026-04-24,SBUX,0.064401,0.017274,0.452934
2026-04-24,TSLA,-0.025003,-0.162027,-0.460695
2026-04-27,NKE,-0.13309,-0.300821,-1.421937
2026-04-27,TGT,0.108718,0.260478,1.312452
2026-04-27,DIS,0.080211,-0.080496,0.054458
2026-04-27,SBUX,0.07312,0.022748,0.381834
2026-04-27,TSLA,0.017629,-0.129894,-0.326808
2026-04-28,NKE,-0.123418,-0.28152,-1.503034
2026-04-28,TGT,0.060915,0.233747,1.145609
2026-04-28,DIS,0.097923,-0.082633,0.087925
2026-04-28,SBUX,0.120608,0.022852,0.573168
2026-04-28,TSLA,0.039217,-0.127361,-0.303669
2026-04-29,NKE,-0.133685,-0.282059,-1.417209
2026-04-29,TGT,0.076528,0.269614,0.978562
2026-04-29,DIS,0.074003,-0.075392,-0.114258
2026-04-29,SBUX,0.216559,0.115809,0.93525
2026-04-29,TSLA,0.049313,-0.135957,-0.382345
2026-04-30,NKE,-0.160167,-0.28667,-1.490039
2026-04-30,TGT,0.070545,0.2745,0.982272
2026-04-30,DIS,0.076468,-0.070174,-0.075332
2026-04-30,SBUX,0.175689,0.1292,0.856903
2026-04-30,TSLA,0.026577,-0.083853,-0.273804
2026-05-01,NKE,-0.005153,-0.276902,-1.286773
2026-05-01,TGT,0.070071,0.234482,0.963191
2026-05-01,DIS,0.067523,-0.08617,-0.27646
2026-05-01,SBUX,0.171072,0.15914,1.061606
2026-05-01,TSLA,0.025075,-0.091982,-0.461563
2026-05-04,NKE,-0.024893,-0.302412,-1.521032
2026-05-04,TGT,0.060689,0.178302,0.746126
2026-05-04,DIS,0.048649,-0.030062,-0.136258
2026-05-04,SBUX,0.161558,0.152219,1.045532
2026-05-04,TSLA,0.088522,-0.069463,-0.134368
2026-05-05,NKE,-0.02203,-0.288597,-1.563461
2026-05-05,TGT,0.054087,0.169184,0.832092
2026-05-05,DIS,0.043623,-0.035886,-0.134989
2026-05-05,SBUX,0.107196,0.135176,0.917793
2026-05-05,TSLA,0.103594,-0.077235,-0.051435
2026-05-06,NKE,0.027875,-0.312189,-1.741592
2026-05-06,TGT,0.089274,0.152318,0.705429
2026-05-06,DIS,0.12821,0.009435,0.221767
2026-05-06,SBUX,0.11795,0.104738,0.617466
2026-05-06,TSLA,0.150238,-0.017931,0.19693
2026-05-07,NKE,0.029678,-0.287005,-1.754848
2026-05-07,TGT,0.022417,0.147138,0.409271
2026-05-07,DIS,0.095584,0.035153,0.212478
2026-05-07,SBUX,0.072523,0.092249,0.385025
2026-05-07,TSLA,0.19968,0.036706,0.748074
2026-05-08,NKE,0.003182,-0.304866,-1.667783
2026-05-08,TGT,0.009836,0.094971,0.201242
2026-05-08,DIS,0.082473,-0.006256,0.069789
2026-05-08,SBUX,0.082645,0.061907,0.383992
2026-05-08,TSLA,0.239367,0.041935,1.012759
2026-05-11,NKE,-0.005396,-0.316274,-1.502974
2026-05-11,TGT,-0.028304,0.035705,-0.158216
2026-05-11,DIS,0.055965,-0.022496,-0.051687
2026-05-11,SBUX,0.094617,0.075186,0.505447
2026-05-11,TSLA,0.275254,0.066328,1.20743
2026-05-12,NKE,-0.013051,-0.323745,-1.656298
2026-05-12,TGT,0.033254,0.086627,0.309155
2026-05-12,DIS,0.049219,-0.034558,-0.143692
2026-05-12,SBUX,0.093352,0.099839,0.624671
2026-05-12,TSLA,0.229925,0.019379,0.866164
2026-05-13,NKE,-0.042081,-0.316423,-1.631549
2026-05-13,TGT,0.025916,0.069957,0.282394
2026-05-13,DIS,0.022517,-0.029782,-0.152046
2026-05-13,SBUX,0.075962,0.0758,0.517811
2026-05-13,TSLA,0.222597,0.039695,0.98339
2026-05-14,NKE,-0.075264,-0.30771,-1.735405
2026-05-14,TGT,0.011173,0.102519,0.335553
2026-05-14,DIS,0.023098,0.029693,0.081613
2026-05-14,SBUX,0.081961,0.106719,0.648231
2026-05-14,TSLA,0.131012,0.062891,0.670008
2026-05-15,NKE,-0.083589,-0.332204,-1.635489
2026-05-15,TGT,-0.00986,0.059851,0.258439
2026-05-15,DIS,-0.011357,-0.025889,-0.096277
2026-05-15,SBUX,0.092376,0.145603,1.022819
2026-05-15,TSLA,0.085729,0.011499,0.450508
2026-05-18,NKE,-0.075168,-0.338899,-1.655469
2026-05-18,TGT,-0.025611,0.068868,0.357234
2026-05-18,DIS,-0.022392,-0.014511,0.00445
2026-05-18,SBUX,0.072248,0.124068,1.030851
2026-05-18,TSLA,0.023389,-0.001559,0.262933
2026-05-19,NKE,-0.087349,-0.348565,-1.617538
2026-05-19,TGT,-0.013349,0.110515,0.572047
2026-05-19,DIS,-0.037723,-0.044911,-0.166469
2026-05-19,SBUX,0.08139,0.117413,0.989516
2026-05-19,TSLA,0.02958,-0.017529,0.222444
2026-05-20,NKE,-0.047424,-0.322004,-1.621801
2026-05-20,TGT,-0.06521,0.067662,0.08493
2026-05-20,DIS,-0.002014,-0.018113,-0.018695
2026-05-20,SBUX,0.09534,0.118207,1.05374
2026-05-20,TSLA,0.07981,0.01348,0.501827
2026-05-21,NKE,-0.02824,-0.316749,-1.703286
2026-05-21,TGT,-0.024947,0.091283,0.438866
2026-05-21,DIS,-0.01183,-0.018943,-0.066871
2026-05-21,SBUX,0.052455,0.07437,0.753889
2026-05-21,TSLA,0.078295,0.014642,0.577402
2026-05-22,NKE,-0.002456,-0.287264,-1.622042
2026-05-22,TGT,-0.025992,0.11864,0.34897
2026-05-22,DIS,-0.006271,-0.013504,-0.230547
2026-05-22,SBUX,0.041936,0.094264,0.573469
2026-05-22,TSLA,0.139918,0.065478,0.930151
2026-05-26,NKE,0.005594,-0.294144,-1.60942
2026-05-26,TGT,-0.020462,0.096045,0.327776
2026-05-26,DIS,0.006628,-0.02612,-0.178024
2026-05-26,SBUX,0.033895,0.057035,0.409426
2026-05-26,TSLA,0.152246,0.059138,1.050242
2026-05-27,NKE,0.018609,-0.26995,-1.62594
2026-05-27,TGT,-0.001369,0.112525,0.417959
2026-05-27,DIS,0.01788,-0.008282,-0.154668
2026-05-27,SBUX,0.049121,0.048692,0.342722
2026-05-27,TSLA,0.162912,0.055007,1.019927
2026-05-28,NKE,0.051965,-0.254348,-1.502565
2026-05-28,TGT,0.021437,0.131331,0.549745
2026-05-28,DIS,0.022273,-0.017243,-0.30399
2026-05-28,SBUX,0.041741,0.033243,0.100256
2026-05-28,TSLA,0.175735,0.08204,1.156554
